{
  "head_cx": 251.542958306236,
  "chin_y": 175,
  "FIT": {
    "robes": {
      "tw": 188.0,
      "fx": 118.0,
      "fy": 47.0,
      "ax": 255.542958306236,
      "ay": 181.0
    },
    "peitoralCouro": {
      "tw": 152.0,
      "fx": 79.3,
      "fy": 18.0,
      "ax": 257.54295830623596,
      "ay": 183.0
    },
    "peitoralPlacas": {
      "tw": 172.0,
      "fx": 82.0,
      "fy": 24.0,
      "ax": 257.54295830623596,
      "ay": 183.0
    },
    "capacete": {
      "tw": 122.0,
      "fx": 60.0,
      "fy": 48.0,
      "ax": 253.542958306236,
      "ay": 115.95057446347279
    }
  },
  "hands": [
    169.99830890642616,
    331.9188275084555,
    328.24856156501727,
    334.83601841196776
  ],
  "feet": [
    173.5415348101266,
    489.98892405063293,
    296.25165562913907,
    492.7605705552725
  ]
}